,BWEIGHT
0,7.4348146441383065
1,7.3194939171231095
2,6.501063090661287
3,7.26317449455197
4,7.010962789230414
5,7.440210927188127
6,6.905180442471613
7,7.534553511872073
8,8.014378793397293
9,7.0533909072633625
10,8.009881941493006
11,7.656990255975732
12,7.779101446866378
13,7.296706317600555
14,5.517058768192416
15,6.506026214683853
16,7.665892434807129
17,6.992296356049455
18,6.575078434380463
19,7.40426000225542
20,7.882683599773929
21,7.1873437640442575
22,8.019174888376732
23,7.447860582530339
24,7.550862024561497
25,8.025544192039478
26,7.070021559110117
27,7.413213314926011
28,7.883757246194991
29,7.547279613980768
30,7.738061458894675
31,7.656990255975732
32,6.987901153389457
33,7.012215274402494
34,7.4448493637697535
35,7.141769082766592
36,7.188127268221124
37,7.348617661768535
38,7.7814569135114
39,7.145495995193706
40,6.90936356207751
41,7.677548505452714
42,7.162357136114075
43,7.891386167466398
44,8.459814586067605
45,7.005602981865916
46,8.93328127400754
47,7.714820984302697
48,7.9886161955025825
49,7.693669005220423
50,7.322711325401728
51,7.438781502311034
52,7.286628661282999
53,6.95927017737134
54,7.386893391489949
55,7.157668770950216
56,7.395130050284846
57,6.808979838360022
58,6.558531611407279
59,7.309347946976387
60,7.484719059981098
61,7.237601121441153
62,7.077469694919718
63,7.340636164453906
64,7.883946058101412
65,7.12556013481267
66,8.018784120324403
67,7.408110948362928
68,7.673383279715123
69,7.63383392150626
70,7.797025862756223
71,7.753867009847458
72,6.911925926050839
73,7.580546175017791
74,6.141156133806483
75,7.1210325242343275
76,8.0473540364974
77,6.654860209468259
78,6.896330095600648
79,7.167128763738354
80,7.527848981665967
81,7.7843083233115
82,7.4844861011161266
83,7.522376248511006
84,6.522499472072576
85,7.094195705796383
86,7.263262244616942
87,7.523723616184643
88,6.910723064040479
89,7.1823390118620125
90,5.335572905715477
91,7.387644758213218
92,7.98525229727582
93,7.572678106985474
94,6.763373663779268
95,6.495060854046937
96,7.819053321453704
97,6.243666037792849
98,6.18023895010239
99,7.340568088586712
100,7.432765036199455
101,7.008952745121823
102,7.415327335580004
103,7.813246625380674
104,7.177697805083997
105,8.503846263986054
106,7.978872456468494
107,7.322669248491253
108,7.420605518332415
109,7.218898259551338
110,7.280521838591525
111,7.088649254829141
112,7.383724625629929
113,6.424736133900064
114,7.153450770083155
115,7.751159769283393
116,7.378418596936657
117,8.171388456639528
118,7.741011688332571
119,7.923320685403974
120,6.754489932997913
121,7.82151262540452
122,7.031311458229953
123,7.414165939093971
124,7.221581097166616
125,7.972462556111136
126,7.817239100224378
127,7.766983514497597
128,7.040212040825707
129,6.319962889545432
130,7.149147330162285
131,6.411391112972787
132,8.056799511672127
133,7.166855042485777
134,7.481414940804577
135,5.82566217109203
136,6.650313129019754
137,7.490345456161589
138,7.281893649884501
139,7.634816695379332
140,6.399311750240191
141,7.070645618637775
142,7.216093596849344
143,7.599479022489374
144,5.889336703064783
145,5.917149836911772
146,8.10621660929385
147,8.024100179026538
148,7.088561837374524
149,6.554624558738804
150,7.5127622600869834
151,6.7921708670259235
152,7.390163988415061
153,7.018553147565254
154,7.120730046283222
155,3.461808037911502
156,6.707968054508993
157,7.712988882054372
158,7.458742048090276
159,7.476029363016308
160,7.459164246642588
161,8.09818725547214
162,7.333773563552498
163,7.550754135124001
164,7.830604113445662
165,6.940671778387096
166,7.329643012345377
167,6.169205026773886
168,7.302700068945627
169,7.131277628151525
170,7.389314405584643
171,8.417144177282069
172,8.143665291410501
173,7.460330828854415
174,7.54794841134938
175,7.883366478142661
176,7.240560142730423
177,7.479115199026265
178,3.555549801430173
179,7.216012211738868
180,7.373646969312378
181,7.149815794920536
182,7.25598703855879
183,7.477901360021117
184,7.877135496781378
185,8.017450501040539
186,7.876290010576831
187,8.152338562368193
188,8.320065903877724
189,8.062048784767097
190,7.709305576549556
191,7.024480985949769
192,7.8717695639639915
193,6.380904022103826
194,7.3157043799114545
195,4.258675931005323
196,7.3352834895259935
197,7.2112710974738
198,7.505794014569005
199,7.207206966362959
200,7.580391737753132
201,7.21203862310076
202,7.111759758908348
203,7.272076673383369
204,7.556547942719788
205,7.337307344585604
206,7.124081594818687
207,7.040369804378457
208,7.599339444280858
209,6.698002591875752
210,7.179627853043589
211,7.35536989928191
212,7.6917886835136215
213,7.538892935003332
214,6.878460523098536
215,7.553426330230134
216,6.809755266556319
217,5.83233171170184
218,7.458147617907758
219,7.93097177097358
220,7.308605372104487
221,7.738466307947125
222,7.411600423152888
223,7.2861022866586165
224,6.991389755532813
225,6.03919473721479
226,8.509561986014848
227,7.153389742443361
228,6.873726698998886
229,7.431640692552493
230,7.772019460964402
231,7.841003286832845
232,6.774104960716989
233,7.006792540352195
234,7.334841888039499
235,6.1352597709386725
236,7.634688690062472
237,6.334935340458443
238,7.887864384514361
239,5.492195059517155
240,6.943256120005297
241,7.049677339398026
242,7.687444440167449
243,6.886641943092243
244,8.486195569348789
245,7.0744658618512695
246,7.725461298860059
247,7.408815467949287
248,7.744008231394751
249,7.421586611024561
250,6.637430481966875
251,7.244580071021073
252,7.739836210846416
253,8.004831406890357
254,7.284962281593528
255,7.205528859750521
256,7.83132585387846
257,6.04317162539638
258,7.264680369534202
259,7.430307405878982
260,6.921622146203685
261,7.6609071150437975
262,7.195990790227758
263,6.872253525112876
264,7.52378243502572
265,7.270942997848786
266,7.056864795391206
267,7.109702006801749
268,7.097653264725634
269,7.8212747689299436
270,7.483983139379487
271,7.629296431975653
272,7.308466410102915
273,6.793224868476099
274,7.536635589874875
275,7.231168765845726
276,6.954533023375263
277,7.616187202322343
278,6.41701959207233
279,7.992533054570648
280,7.884388292603287
281,6.939618866036841
282,7.603070328344434
283,7.758457586105114
284,6.821888534718143
285,6.238038073404004
286,7.506421009986042
287,7.829744386589811
288,7.1310126727071665
289,7.633555014527891
290,7.546931782614545
291,7.367686822765786
292,8.06010768503218
293,6.923492985913946
294,8.023792852975479
295,6.264752807051288
296,5.372197044518937
297,7.042734673433531
298,7.740370611915411
299,8.069730410645546
300,6.8569058401208824
301,7.242055987703795
302,8.004065964182448
303,7.454370716808042
304,8.313510994538257
305,6.836054607680886
306,7.9954793085552
307,7.956669875886031
308,7.312368568147025
309,7.125916885579168
310,6.40542267789366
311,6.868939803075634
312,7.7029878427593195
313,7.451554592097097
314,7.182929128965342
315,7.6397251436649976
316,6.709385813915368
317,7.272480312163373
318,7.7566373226532646
319,7.416044725894041
320,6.816903214954811
321,7.809162022286954
322,7.640616528446992
323,7.933326872107713
324,7.527538644187614
325,7.167479697911319
326,7.650819794228267
327,6.5355096732374225
328,7.859758648386101
329,8.652317733228509
330,6.288771092049508
331,6.819888855361525
332,6.276207293470249
333,7.374227318494772
334,7.7815483731249095
335,7.833192392038553
336,8.076690093499547
337,7.055195846141021
338,6.963275489641103
339,7.953662970204634
340,7.3674435012816
341,6.963958368009834
342,7.767638934002807
343,7.977472357810913
344,6.796719312538538
345,7.0792008732497695
346,5.911873213792814
347,7.858802746886033
348,5.163954932449131
349,7.947539923915455
350,7.580634915452508
351,7.511267288587684
352,7.708665372779005
353,7.341308638990804
354,6.937749269900649
355,6.971532611586508
356,7.23921244244643
357,6.8659568788945755
358,7.121080043115573
359,6.649638668692204
360,7.281751864571488
361,6.99402014868737
362,7.159229830762906
363,6.939585090529879
364,8.5792962564503
365,6.769399246053269
366,6.698656921663148
367,6.318259693492529
368,7.440919121822804
369,7.381982814855651
370,7.777931155106018
371,8.013004061118382
372,7.434627538216172
373,8.194527441609134
374,7.588970708378496
375,7.97978959412972
376,8.219579284378634
377,7.498150243073826
378,6.7091201603072355
379,7.066408050639763
380,7.774176156216572
381,8.388897353363092
382,8.046398830559081
383,7.228500100694474
384,7.114961047817658
385,6.513479475315461
386,5.459369190099209
387,6.855205967506434
388,7.398077622414468
389,7.685699317560841
390,7.750252803255862
391,7.135339384479438
392,7.5746265287708825
393,6.680527964296892
394,7.720703752235902
395,7.5429872025950315
396,6.987412372583847
397,7.523895506372124
398,6.809686827737737
399,7.004056003053351
400,7.459786763287441
401,7.2366665220247315
402,8.047390652723179
403,7.386458173010142
404,7.588653222809928
405,6.878385540338281
406,7.524541768515076
407,7.408948358586909
408,7.558309818928369
409,7.231318308119437
410,7.635543458618684
411,7.493330197544791
412,7.382939043549498
413,7.162643728094329
414,7.526678689905606
415,7.459810508785541
416,7.384305340323209
417,7.13545926818112
418,7.107940637728895
419,7.83892944403604
420,5.433707232418999
421,8.731332748799822
422,6.8892728252383355
423,6.909168429710762
424,7.657998687557472
425,6.847140695580181
426,6.733600246460886
427,7.416020243957595
428,7.294651453413479
429,6.823749831477897
430,7.153480869446516
431,7.563289961798276
432,6.813969471202539
433,6.4520110538735596
434,7.6380470370525595
435,6.924888596966971
436,8.222998358603482
437,7.179306725220659
438,6.5826636453066145
439,7.291316148784771
440,7.907116161269706
441,8.061408580996542
442,7.643377176754818
443,8.013975876474346
444,7.269304940599263
445,8.429382167877897
446,7.0262698189016355
447,5.079580411229504
448,6.814242308441042
449,6.684765605836231
450,7.373989008211013
451,7.49585594027686
452,7.3777167932847325
453,7.685295346170482
454,6.632549754632654
455,7.302973790198204
456,7.2907442588433895
457,7.169358620919651
458,6.9326722427360625
459,6.8917798451173065
460,7.5071627122113345
461,7.069064227382658
462,7.9001675899495085
463,7.833447553518824
464,6.817212734253539
465,7.3348652626101405
466,7.812642165189293
467,7.242508355637491
468,7.477210895057977
469,6.718594620676583
470,7.401301210153548
471,8.185067448820995
472,6.689265779682784
473,7.224857661000225
474,6.765751808150145
475,7.903534832213924
476,5.510720373966972
477,7.5287966860129485
478,7.376281675546127
479,7.60084531926309
480,7.609664568244424
481,7.6270363559033205
482,7.546233688511162
483,7.327022387111754
484,7.189153369384033
485,7.1117504800060685
486,7.58778520088348
487,8.226668960297983
488,8.146182950844498
489,7.915397270492079
490,7.979250348777655
491,7.1084674223583315
492,7.718770151532837
493,5.789495641809699
494,7.306212441912634
495,7.104919675115528
496,6.93275612892717
497,7.237351145686679
498,8.567271957993526
499,7.1072706300878385
500,8.023828596554653
501,8.426288646866057
502,7.490433206226562
503,6.6332999307597555
504,7.390660900611672
505,6.967657221859661
506,7.909770874311588
507,7.25666175427465
508,7.796532931028442
509,6.767037562950858
510,6.959985625990071
511,7.205444387017655
512,7.775737216029261
513,7.598122497453487
514,7.7707385133870455
515,6.918179055560441
516,7.642242803098997
517,6.622009644510905
518,7.548891633107285
519,7.740946473493254
520,7.195182706223288
521,7.639246625547699
522,8.060031409452408
523,7.725490080884137
524,7.157377412081592
525,6.833750972996299
526,7.625535325204155
527,7.0969192525177105
528,7.284463141278932
529,7.630771830994406
530,7.642874215018177
531,8.417724526464463
532,7.697342179852912
533,6.258189243668402
534,7.472415854545951
535,6.417279858783152
536,7.539166503296996
537,7.191432854742533
538,8.441914652114209
539,6.891226518765119
540,6.42079047311675
541,7.257193613934573
542,7.15710849603449
543,7.608425822629742
544,7.782443139423179
545,7.190619546695165
546,6.7809555635373275
547,7.463081105710656
548,7.245834137393059
549,7.23437647262944
550,7.493286448882431
551,7.329805570645237
552,7.284225703641777
553,7.083551899466484
554,7.958000264987266
555,7.428574455878811
556,6.681146304070819
557,7.060930131759009
558,5.83447092266261
559,6.806541807375821
560,6.9617678299972
561,7.114449190806687
562,7.4201596904390446
563,6.991685121819901
564,8.018747504098625
565,8.163030708885985
566,8.06661762290779
567,7.449974265558492
568,6.4260695500822225
569,8.244626282865065
570,7.2689545537579905
571,5.524714508832272
572,7.169646423172352
573,7.308777262291968
574,7.212132257012765
575,7.917407992736091
576,5.971122296584491
577,8.185341170073572
578,7.174469786773923
579,7.673367693053007
580,7.284621990030255
581,6.710445379336303
582,7.1801663913864795
583,6.999130582894897
584,6.826096473371018
585,7.9906335708172715
586,7.185360505679255
587,7.7398128029741535
588,7.803917062271171
589,7.239325508777348
590,7.587487036011563
591,7.1297078025731535
592,7.425055351743716
593,8.364753873947986
594,6.770544020645413
595,7.630372167667752
596,7.270808908131268
597,7.382390299392452
598,7.72019619947175
599,7.534339819733019
600,6.992705355080622
601,7.015880560862549
602,7.757278399070423
603,7.465442090691826
604,7.610426401009869
605,7.325396112459749
606,7.776902322063829
607,7.301890375856208
608,7.654360735467778
609,7.043468685641454
610,6.974866334079904
611,7.656623598932387
612,7.224318415648162
613,7.224959492065322
614,7.736505584807779
615,3.3066836382391007
616,6.42205448413201
617,6.511485694468578
618,7.588998429329942
619,7.2496854490114515
620,7.464200700245113
621,6.139896304142099
622,7.227147547295044
623,7.452092964802553
624,5.9548796713225345
625,7.543669382842524
626,7.539650692709362
627,7.752079387168039
628,6.936747836455245
629,7.121293735254627
630,8.279310706731424
631,6.902266829259495
632,7.721408833219934
633,7.5062073178469895
634,7.195426027707475
635,7.247108093074289
636,7.0780178355461105
637,7.4298800216008765
638,6.178426709278263
639,7.37959407442281
640,6.468136196797621
641,7.554253377834895
642,7.385474759436965
643,7.037201038518438
644,7.387746589278315
645,7.808627962660686
646,7.817849636332693
647,7.590423882570573
648,7.38870174824017
649,8.279941753139722
650,3.8780440583540328
651,7.03235831220781
652,7.138678785734017
653,7.4825628718646495
654,7.2484792445631285
655,6.139491077462573
656,6.941035028589684
657,7.386346311936186
658,7.764898425067503
659,7.842661280101021
660,7.234856021478335
661,6.92822528137801
662,6.50623835706557
663,7.55639548495122
664,7.814254358841176
665,8.20756318307495
666,6.742158308490079
667,7.644018253171977
668,8.029084293532907
669,6.988060002140779
670,7.725390898294949
671,6.576772423147877
672,5.810082484884738
673,3.362775199346288
674,6.994786339548723
675,6.938860742819931
676,7.115376188831737
677,7.915824654770185
678,7.0321482375861954
679,7.998402074114087
680,7.917665319682486
681,7.342683765011619
682,6.951591203024536
683,7.095313935971526
684,7.701853469103495
685,5.869680130961747
686,6.906588407871364
687,8.064008297633997
688,8.115058759011726
689,7.535041623384941
690,7.2640932676750545
691,7.256344022271786
692,7.539078411171404
693,6.770700598627052
694,7.957162475003454
695,6.498671842294908
696,7.6696551237139445
697,7.707443947179448
698,6.638934524093338
699,7.423142485111457
700,7.663220239700997
701,5.964639347186117
702,7.420764150630424
703,6.671308926109236
704,7.276854181800015
705,8.610319315339218
706,7.345365117480006
707,7.959901540719815
708,7.441151382566533
709,7.441425080845514
710,7.2119267620268035
711,7.303607777511369
712,7.2218467043275645
713,7.3887455308874435
714,7.0385689644575855
715,7.5683597542944705
716,7.11459282000647
717,7.3574973053742765
718,7.228960666608729
719,7.626315726574277
720,6.62915011282672
721,6.552702758353559
722,5.504889027989145
723,7.35584658710293
724,5.2077518766430675
725,7.449759368162476
726,7.558964976345651
727,7.453250048209399
728,7.223779170296098
729,7.768117190032181
730,7.395255119712321
731,7.940793933200506
732,7.453315961169955
733,7.568086033041893
734,8.03912135315585
735,5.537277569402757
736,7.053718930267729
737,7.752079387168039
738,7.6323170645137575
739,6.967402060379389
740,6.819359640018324
741,7.44761759365651
742,7.98504379086256
743,7.7325368937792796
744,6.645211157870128
745,7.790817912136373
746,7.167364991103062
747,7.473423588006456
748,7.603219678290773
749,8.062338082249726
750,7.300492048868746
751,7.750527222629681
752,6.796607451464581
753,7.772019460964402
754,7.287032632673363
755,7.805316300222344
756,6.740828057369809
757,7.30915679006299
758,6.506232249183517
759,7.577349683190844
760,6.749896298427684
761,6.973179645634871
762,7.103052923514027
763,7.584816046162393
764,7.352753673660353
765,7.735385990273319
766,7.744408227331765
767,7.431970296756766
768,7.701311566443159
769,6.805808929902427
770,8.023407270648947
771,6.927542735619633
772,6.411339979133593
773,6.923148493168798
774,6.116349119207853
775,7.436741924381045
776,7.317176479386725
777,7.346020449422655
778,7.074028076636844
779,6.728844284904757
780,7.472165546181122
781,8.027811543108642
782,7.872755460320078
783,7.69788069190049
784,6.205349020830562
785,6.762185144856953
786,6.20335970409316
787,7.91025898582446
788,7.969707093529099
789,6.2585026776015145
790,7.1380558858287175
791,6.862121648957826
792,7.323234572924509
793,7.447115504566473
794,7.797289919510823
795,7.421618919186637
796,7.36333739369382
797,8.206332862201064
798,6.997483423197311
799,6.402881272961562
800,7.060603373289036
801,7.912140754567092
802,7.223765454806858
803,7.812638809759778
804,7.758764214034933
805,7.531918805638325
806,6.596798952990085
807,7.629102183622985
808,7.805891425361843
809,8.264753795193919
810,6.905695942325574
811,7.751712730124694
812,7.707871331457555
813,7.569803767307409
814,6.8503744284917705
815,6.6949456870896915
816,7.18692069284534
817,6.0374096138114615
818,6.784039856664481
819,7.230194787583128
820,7.913236936213802
821,6.812991541612539
822,6.961279355532938
823,7.7472943766648745
824,7.432022128717201
825,7.995074459502748
826,7.251512365533985
827,7.501792682768076
828,5.60580950515928
829,7.93201404275629
830,7.636896012018115
831,6.748193365939729
832,7.704962205849992
833,6.752045211547302
834,5.245772483201316
835,7.555332209981748
836,6.6251873056452535
837,7.877080436940334
838,7.773707668108132
839,7.34165797891453
840,7.22061524871915
841,7.376471622187077
842,7.430674062922324
843,7.227694547933615
844,7.686060456268034
845,6.676596768840393
846,7.40050647071086
847,7.215503479746014
848,7.037401522303974
849,6.134544713916513
850,7.13629962312685
851,6.936436294135606
852,7.350691277475656
853,7.481524636412408
854,7.248515489861448
855,6.882636038714818
856,6.952738140883369
857,6.336672728030964
858,7.641221684200118
859,7.365503284625351
860,7.321371372786556
861,6.452850196690065
862,7.235784900148197
863,7.01696245840743
864,7.771290268971385
865,8.007963556524595
866,7.262106033856705
867,7.250420159340616
868,7.773265330183298
869,6.978459396595642
870,8.483905683053969
871,7.695035872566475
872,7.441666882420496
873,7.243822209892088
874,8.060275270972845
875,6.8102897171612735
876,6.928234945875985
877,6.71716757058242
878,7.7341739348784895
879,7.0929661098342205
880,7.94431414036921
881,7.858635002860381
882,7.551842735191789
883,6.6165276139685405
884,8.2874092508458
885,5.674557825912107
886,7.866570552061607
887,7.545681937942302
888,7.659206473205702
889,7.494494482715166
890,8.025182022600688
891,7.282076282451031
892,8.073735019778583
893,8.259503823977708
894,7.544951535676843
895,7.382959087104307
896,7.0294152152064955
897,8.040036150825586
898,7.014221076825518
899,7.538317406035848
900,6.716588856570662
901,7.5474140102803835
902,7.915824654770185
903,7.190101631311794
904,6.770586880961508
905,6.91716242682561
906,7.247660721305236
907,6.851391305014347
908,7.351205745835799
909,8.141573881520083
910,7.837855797614979
911,7.203238275334459
912,7.239803257671
913,7.203739640217565
914,5.6958928799183335
915,7.054084714664467
916,6.93295543966107
917,6.78965337322936
918,7.459648648606922
919,6.53175986007377
920,7.213534468074132
921,7.6230064305043355
922,6.239558536522082
923,7.007685059868716
924,7.656027597982024
925,7.756952845857412
926,7.524400976217224
927,6.3577909822563665
928,7.83578529632073
929,6.923102583372502
930,6.838776668566148
931,7.227918878865473
932,6.750332038466421
933,6.480541801910455
934,6.803327241137288
935,7.606551343893376
936,7.1199360049617715
937,7.812158897959493
938,7.385307888057919
939,6.308441415339505
940,7.09400351095696
941,7.324820250881906
942,7.693365291671323
943,7.162120031087278
944,7.649054706774503
945,6.950995692078218
946,7.646225575127619
947,7.5476743574864456
948,7.789148026802969
949,7.303323330688182
950,7.2044237828294735
951,6.975336404323655
952,7.242005393900848
953,7.044221448607205
954,7.0067670231839765
955,6.868270876198378
956,6.677590741794936
957,5.739287461888454
958,7.061937865219511
959,7.1894605548946355
960,7.553852509251275
961,5.46706780498212
962,6.541036919787035
963,6.946847791371237
964,7.857240988952104
965,7.813896735320173
966,7.0221392676945165
967,7.504232256635079
968,7.762477410972807
969,7.538441439716243
970,6.611969090484651
971,7.701950479953683
972,7.803415567879417
973,6.575040940492594
974,8.116661620775986
975,7.399359129196689
976,7.7416527647497295
977,7.697128487713859
978,6.9461496972678525
979,7.282159173983986
980,7.280537386936535
981,7.537001136251841
982,6.8966612445445055
983,7.794670063500845
984,7.27082357366181
985,7.071181429400204
986,7.334229729854685
987,7.158177281364042
988,7.481591754629926
989,7.421313811928244
990,8.600811105548592
991,7.927575231974384
992,7.638479607056461
993,7.085346083837141
994,7.1835391074928765
995,6.787012152334493
996,7.198517781549374
997,6.516450883691756
998,7.793327881553004
999,7.321604497344523
1000,7.610844017367041
1001,7.363629171399868
1002,7.2740798184981195
1003,8.08725516320873
1004,7.3547507380665715
1005,7.454532201043717
1006,7.644324881101797
1007,8.38258683022432
1008,6.816218291809213
1009,7.67329483152891
1010,6.891926559579297
1011,8.048302438965617
1012,7.331301415618609
1013,6.6583932428704715
1014,6.94579789044828
1015,6.999224346315548
1016,7.526994213109754
1017,7.133233560978535
1018,7.613738101765316
1019,6.090341145810584
1020,7.660289276989015
1021,6.848227716047753
1022,7.354838853642427
1023,7.605742523450566
1024,6.880986129622342
1025,6.959146143690945
1026,7.233332455553516
1027,7.12086635097652
1028,6.373982128527237
1029,7.269014582871516
1030,7.5747235396210675
1031,7.455033695435469
1032,7.200228016783039
1033,8.70538433552254
1034,7.589559952835219
1035,7.194719038329758
1036,7.759629012600008
1037,7.528103777635354
1038,7.183533921767082
1039,7.908122064433929
1040,5.863694213818373
1041,7.130190242790958
1042,7.996901043414921
1043,8.51908113025442
1044,7.981476966943949
1045,7.7134370004032835
1046,6.1911672700141605
1047,7.4677642851487205
1048,7.455349480727545
1049,6.094025357553832
1050,6.912470864264419
1051,7.078408603598437
1052,6.65364933619764
1053,7.048483634749921
1054,6.63397979770119
1055,7.31431831309299
1056,5.727681966928744
1057,7.962699908287033
1058,7.182405431958292
1059,6.201529808454157
1060,7.592840921211922
1061,6.63657052768487
1062,6.18051785708076
1063,7.101034850078098
1064,7.7003165202997925
1065,7.350537299194614
1066,6.53532578496887
1067,7.362392966678952
1068,6.460530122292019
1069,7.699415515513995
1070,7.9007580868639025
1071,7.378791137827031
1072,7.138988062139742
1073,7.5701189579012045
1074,7.232702679096188
1075,7.97699674609826
1076,7.221419320049458
1077,6.3614415676924665
1078,7.493815664225632
1079,6.661643205655688
1080,7.624532079348208
1081,7.828081495712024
1082,7.1429596854354225
1083,7.416875012513808
1084,6.354234974482018
1085,7.765334704619938
1086,7.271862981244316
1087,7.860303079463957
1088,7.181545477676288
1089,7.192468279251907
1090,6.435037641874177
1091,7.424467317559437
1092,8.280165475287635
1093,2.5811091535326964
1094,7.396961645397445
1095,6.73107722677573
1096,6.890827558575187
1097,7.326316095855278
1098,7.940026042062659
1099,7.36718833980133
1100,7.814960650097652
1101,7.515758770248638
1102,8.110876375844173
1103,7.278277846439374
1104,7.682660639936732
1105,7.520380715316217
1106,6.672493560957647
1107,7.453803374561586
1108,7.6535148621858955
1109,5.235365237688926
1110,6.765286037994025
1111,7.030689678023446
1112,7.358727865026018
1113,7.48975032785783
1114,7.242129402255694
1115,7.395909113887272
1116,7.556386589676891
1117,6.890852176719893
1118,7.287850785003795
1119,8.077558244934643
1120,7.5356826998021
1121,5.730079235525338
1122,7.46005976268296
1123,7.020033444193615
1124,7.643590868893871
1125,8.189044337002585
1126,7.390418784384447
1127,7.9041063857280625
1128,7.394720353132442
1129,7.272290365522422
1130,7.417831612135118
1131,7.881846887671189
1132,8.40555244882919
1133,7.533090349856353
1134,6.595185554081239
1135,7.647019616449069
1136,7.390898000622987
1137,4.167922147884858
1138,7.149579027519579
1139,6.717292302384056
1140,7.889359024230772
1141,7.259303409071939
1142,6.839121928412705
1143,6.644027995382089
1144,6.886995217256703
1145,7.2214233710407205
1146,7.0759564916141136
1147,7.97120293850247
1148,6.45853361055678
1149,7.714393267414233
1150,7.644397780942999
1151,7.4925942386260775
1152,7.8821968845035375
1153,8.013874045409251
1154,7.459725163406072
1155,7.402050591028741
1156,7.399753533219746
1157,7.527824962120888
1158,7.688379971907992
1159,6.617369351337688
1160,7.025752776164871
1161,7.60033018492001
1162,7.160576325789934
1163,7.062746353051967
1164,7.509481895240936
1165,7.751926422263748
1166,7.629144858221162
1167,7.789741761423741
1168,6.499242526979327
1169,7.602036345094253
1170,5.722332610008312
1171,7.526035530569397
1172,7.3822095139306425
1173,7.763973255946179
1174,7.6752219979166325
1175,5.885762490789493
1176,7.986130478719777
1177,7.7859215476949775
1178,8.673805038460214
1179,7.11520246090816
1180,7.747618795143356
1181,6.3339301411920905
1182,8.253825083685578
1183,7.490559148300642
1184,7.501142698371767
1185,6.040197983070738
1186,7.23901888084753
1187,7.547948078739021
1188,6.858977929314654
1189,8.052191577082237
1190,6.732431574978024
1191,6.963068188484804
1192,6.945308969330788
1193,7.140685786147735
1194,7.756673938879042
1195,7.640849525629064
1196,7.8833671762639
1197,6.919273474369407
1198,6.9269474327905085
1199,7.365138981337429
1200,7.851678331433676
1201,8.067360530390044
1202,7.658266890473902
1203,6.842661348980787
1204,6.550270508993041
1205,8.20676024647917
1206,8.215006498669641
1207,6.830125891634279
1208,8.337786277223042
1209,6.778473315072148
1210,7.785280471277819
1211,6.669675004772452
1212,7.962300759671073
1213,7.463880698268781
1214,7.835894812387711
1215,6.345299980352822
1216,8.089583241512662
1217,7.487074859236475
1218,7.148766592118819
1219,6.794048322689368
1220,7.395316354082806
1221,7.776251843236618
1222,8.417949309685008
1223,7.482939122303563
1224,7.71043925208414
1225,7.203871154598527
1226,8.20238381269406
1227,6.9728607491154735
1228,7.292811993758143
1229,6.128379339828766
1230,7.560466007044814
1231,7.532458050990387
1232,8.072804003391473
1233,5.8710871647975145
1234,6.7183898238118624
1235,7.756218833649486
1236,7.238251862356291
1237,7.35840691731822
1238,6.134997882807644
1239,7.146908441498396
1240,7.4844861011161266
1241,8.277154518614973
1242,7.176933493639263
1243,7.554090645009669
1244,7.733271271498088
1245,7.571421844806324
1246,7.596320024550294
1247,5.493931737182929
1248,6.160454412809045
1249,6.708057424851463
1250,7.821964081614018
1251,6.528660231834201
1252,8.279932516422663
1253,6.718361973351767
1254,7.383403916699989
1255,7.992403137043219
1256,8.00532400600778
1257,6.888066910267358
1258,7.153550392349535
1259,7.453897371424983
1260,7.031937684423343
1261,7.47539718187348
1262,8.594103738440559
1263,8.066780181207651
1264,6.864205157188016
1265,7.479756275443425
1266,7.0277622292853765
1267,7.616633146372758
1268,7.367136000705173
1269,7.449086931767763
1270,7.248703865734552
1271,7.668076378375242
1272,7.088621866488048
1273,6.994796328357752
1274,7.397069750037592
1275,7.771263844656342
1276,6.542610722670601
1277,6.836644184747969
1278,7.849091747611822
1279,3.3910912506754203
1280,7.398871043712081
1281,7.526780520970701
1282,7.730910286516917
1283,7.463345931688901
1284,6.482506630011797
1285,7.7336223268435775
1286,6.979401915216824
1287,6.534232706128897
1288,7.324179174464747
1289,7.734346172685763
1290,6.318962367231566
1291,7.115138123730933
1292,7.367765952515334
1293,7.762276927187272
1294,7.5262513056275
1295,7.0175092700985005
1296,6.669349413242337
1297,7.911875230467605
1298,7.047207562624134
1299,7.438117013006131
1300,8.806248340195072
1301,7.490364556797612
1302,7.733988620935529
1303,7.578637021750954
1304,7.536802294336559
1305,4.94776059845187
1306,7.698801408600503
1307,6.482138701285458
1308,8.161858409744491
1309,7.771974019986724
1310,5.907356812812086
1311,7.012631423414775
1312,7.364898453506511
1313,7.13546929818998
1314,6.720187476500143
1315,7.221225304641376
1316,7.095152697719057
1317,7.428889646472605
1318,6.881042187099403
1319,7.363256892597418
1320,6.369718059844177
1321,7.284467454358118
1322,7.641566179504758
1323,6.884248649948999
1324,7.747795871056629
1325,7.979072940254026
1326,8.149755688094876
1327,7.029331909413489
1328,7.40865860342005
1329,6.525027509310144
1330,7.616698361212076
1331,7.048329971724392
1332,7.7157509977070875
1333,7.55996752408036
1334,7.853140662988007
1335,7.6424556225914415
1336,7.2613842085554
1337,7.308502668392785
1338,7.206825530198253
1339,8.05566178514628
1340,7.262879417302438
1341,8.174133016566097
1342,6.6266331898310655
1343,7.333928287650656
1344,6.742939785608518
1345,7.056585888412835
1346,7.119229015584058
1347,7.9578075268739585
1348,7.49319385453439
1349,7.319470678760733
1350,7.009265386407321
1351,7.490706927479138
1352,7.631286965337487
1353,7.285951152050604
1354,7.263322971851706
1355,8.12699841021027
1356,7.406537715943803
1357,6.983887360865902
1358,7.457992384114383
1359,6.856956973960075
1360,7.143944258380704
1361,6.984731925410435
1362,7.3160013345109265
1363,7.533118394133464
1364,6.769144084572998
1365,7.017706064010927
1366,5.6316782125920675
1367,7.614616981330513
1368,7.940566160061329
1369,7.860545190675698
1370,7.135598255508245
1371,7.158462812271665
1372,7.228774520068291
1373,7.987459619231461
1374,7.284240553865549
1375,7.018193477402556
1376,6.617602690616991
1377,6.207704318366792
1378,6.642349381633929
1379,7.2616926550408065
1380,7.178005305660424
1381,7.975333489709589
1382,7.476164969588366
1383,7.446188534290299
1384,7.10380490079598
1385,7.36927041780413
1386,7.446350394468919
1387,7.491134311757245
1388,8.175193454633638
1389,8.088175146604259
1390,6.558138002636135
1391,7.753361540002357
1392,6.849324775356558
1393,7.2624829173110035
1394,7.347749873284831
1395,7.431589558713301
1396,7.770988489141521
1397,7.872630216367237
1398,7.655880691450133
1399,7.2938341737296515
1400,7.542926475360269
1401,7.597420186665841
1402,7.711662248451541
1403,7.398383630320452
1404,7.48116437035182
1405,7.047470017442384
1406,6.348600419465541
1407,7.18308049936597
1408,7.437058582319726
1409,8.222060327586853
1410,7.456459743374382
1411,7.110895711449856
1412,7.8785948505183825
1413,7.036578184247747
1414,7.11463549460465
1415,7.771149476673536
1416,7.557551695711461
1417,6.818525064216738
1418,3.3834846075572256
1419,7.715787613932867
1420,6.9837331133099525
1421,7.706494334438784
1422,7.337131831382468
1423,6.218278655560804
1424,7.353388084135852
1425,7.702754883894351
1426,7.245398555961864
1427,7.408715741164668
1428,7.287826673994811
1429,7.491612655349179
1430,7.799531016973424
1431,6.611638230991212
1432,6.653155902575797
1433,6.78727416997417
1434,6.568288558794889
1435,7.204152943495545
1436,7.17168669922358
1437,7.02117263806435
1438,7.907085461964004
1439,7.0135939518998365
1440,7.467024480473207
1441,7.4363115631758605
1442,7.338345580037847
1443,7.71664238248908
1444,7.333876092738832
1445,7.638265914917408
1446,6.940728796073322
1447,7.4857223058370455
1448,7.703767295944922
1449,6.822357388337466
1450,6.610674205583526
1451,7.026357568966608
1452,6.692713921514709
1453,7.432189174621612
1454,7.970236308872302
1455,6.640641971934725
1456,7.118653852127453
1457,7.874677991450315
1458,7.384262300214149
1459,6.95159530798653
1460,6.915578466276381
1461,7.382687262824294
1462,7.349257532928731
1463,6.2803562837734
1464,7.856986192982718
1465,6.760442389527136
1466,7.392223016481508
1467,6.405031447722331
1468,7.31499808865498
1469,6.8260693471178495
1470,7.661840595349716
1471,8.061501486884735
1472,7.4194819977961055
1473,7.554347011746901
1474,6.96210121741191
1475,5.134699897873119
1476,7.954029992758861
1477,6.092356541629179
1478,7.674617205114895
1479,6.962904024499042
1480,7.5983361895925405
1481,6.613776400971292
1482,7.697709535017495
1483,7.171673692287641
1484,4.964958162631406
1485,7.074010212426283
1486,7.7204166481044405
1487,8.349365344654093
1488,7.135546685635735
1489,7.5346880965977086
1490,7.546241765605861
1491,7.338494057337582
1492,7.264242955247235
1493,7.912893692058208
1494,7.137021200640415
1495,7.030266593832976
1496,7.746484421487531
1497,7.637345931521877
1498,6.517976025399906
1499,7.421925547116457
1500,6.728138949989326
1501,7.549082086883962
1502,7.499624322045191
1503,7.674681547307608
1504,7.3540928441808955
1505,7.668163495424831
1506,7.616846838511811
1507,7.055303735578517
1508,7.369971523334814
1509,7.512200201560938
1510,6.649506983311543
1511,7.222727726490338
1512,6.787464454240963
1513,7.788403289024435
1514,6.883722666921185
1515,7.113738924096863
1516,7.552042346330719
1517,7.044867710750158
1518,5.627679525623166
1519,8.182557986540091
1520,7.267385520827231
1521,7.868066397034979
1522,7.344606104071955
1523,7.277534452891598
1524,8.517855995106325
1525,7.503717122291998
1526,7.761895856533451
1527,7.8165583261361204
1528,7.041061130620735
1529,7.400205028506835
1530,6.938307416467745
1531,7.116192503426074
1532,7.05100129418392
1533,5.710185109842374
1534,7.450685742540762
1535,7.873531855193109
1536,7.787474410354575
1537,7.150833121776608
1538,7.221106799384672
1539,8.872619077914647
1540,6.8614588901104225
1541,6.80284867045567
1542,6.367823435558224
1543,6.905328047124742
1544,7.824257306529913
1545,7.030826881740256
1546,7.813725143497975
1547,8.269157805565694
1548,6.195385193659177
1549,6.8982033257474615
1550,8.02959217890742
1551,7.211167070601542
1552,7.948678785175831
1553,8.149183536065573
1554,7.1206889424528885
1555,7.143890069767274
1556,7.198136868980541
1557,7.64273540221642
1558,7.872250689358437
1559,7.8157493311679405
1560,6.657371442710025
1561,6.606504766538501
1562,6.92978262280979
1563,6.514855486974435
1564,8.11066268370512
1565,7.011591556317565
1566,6.560482965263272
1567,6.676979840175736
1568,7.597481421036328
1569,7.001249074021767
1570,6.991264686105336
1571,7.020251449411854
1572,7.295572642065971
1573,6.8285612840936025
1574,7.161645659131805
1575,6.6507657152820485
1576,7.320740833513979
1577,7.423073333135898
1578,7.31088489578009
1579,7.923973896110467
1580,8.069812974984723
1581,6.892608701509682
1582,6.274839795256461
1583,7.169204957894122
1584,7.092840167760139
1585,7.157230353680527
1586,6.668695876102553
1587,7.5682853115704685
1588,8.239711720345358
1589,7.250230212699666
1590,6.8267543858003314
1591,7.245500387026959
1592,6.853770849767826
1593,7.901208329693324
1594,7.0239414079873495
1595,7.519688227111537
1596,7.783292027187023
1597,7.330385919827634
1598,6.945647330229491
1599,7.314052788993502
1600,7.352432689771504
1601,7.115378069476546
1602,7.776016821128871
1603,7.948342860511232
1604,5.36535925816433
1605,7.823002002000438
1606,7.070224987798641
1607,5.862473752244866
1608,7.273203952919711
1609,7.6495839221177055
1610,7.823760997863954
1611,7.547697230337941
1612,7.034377258290344
1613,7.426217958502196
1614,5.8672197976983895
1615,7.535041623384941
1616,7.280653299001755
1617,7.474831682914854
1618,7.614491039256433
1619,7.626539448722192
1620,7.134581261262527
1621,7.681773563218446
1622,6.356088892764552
1623,7.7066117138488925
1624,6.576183178691151
1625,7.592129444229652
1626,6.951956209018475
1627,7.073749169658472
1628,7.253500809624781
1629,7.513584720481121
1630,7.544863785611869
1631,8.228164805271355
1632,8.04811102497978
1633,7.89660186732865
1634,7.638818368622988
1635,7.6018256643825
1636,6.832504231130797
1637,7.9191004374210925
1638,6.181284002925395
1639,7.230300032703901
1640,6.6115339451441955
1641,7.436305644828609
1642,7.205620590284324
1643,6.6182550111323435
1644,6.918845353652958
1645,7.762050026694702
1646,8.099736142678392
1647,7.455072507468411
1648,7.021828930216161
1649,7.3475995656888164
1650,7.763005421059046
1651,5.6084152027744345
1652,6.646998219151877
1653,6.236871665717546
1654,6.994484897344697
1655,7.861371540159223
1656,7.597054036758222
1657,7.287526153947046
1658,7.291376177898294
1659,7.441239132631508
1660,7.180136875632163
1661,7.387385117960765
1662,8.019276719441828
1663,7.541379496547702
1664,8.297090620774878
1665,7.761204153412819
1666,7.771357054578549
1667,6.860390129185048
1668,7.846345180304117
1669,7.017994635487273
1670,6.615304416183563
1671,6.928448130879317
1672,6.919125819456575
1673,6.72648836792624
1674,5.858196081218334
1675,7.662514821091126
1676,7.31409546359168
1677,8.251568274776478
1678,7.052459688602007
1679,6.832914628004132
1680,6.726052448927363
1681,7.561314891753996
1682,7.483580198720722
1683,7.0312642960272225
1684,6.807722129145044
1685,7.514846421836301
1686,8.37540757138423
1687,7.759377831588569
1688,7.7549885127756015
1689,7.812260729024588
1690,7.619695236884612
1691,8.393211929047025
1692,7.1922597728386455
1693,7.29995229638096
1694,7.82777881535051
1695,6.9200156454133195
1696,7.218625233860508
1697,7.23770478280253
1698,7.295479008153965
1699,6.998796962037442
1700,7.955851025434354
1701,8.08141872583159
1702,7.866255028857459
1703,7.758082033787441
1704,7.870310002606044
1705,8.028899270529829
1706,7.450337176451108
1707,6.9291266961688605
1708,6.76254130354209
1709,7.420340791315321
1710,7.254960038372371
1711,7.734246430891704
1712,7.855466237000362
1713,7.23005977570935
1714,7.451852171735885
1715,7.126747074132858
1716,7.397082210760218
1717,8.058281275645372
1718,7.020084403507444
1719,7.3730936429601925
1720,7.002911964899551
1721,7.253115227298245
1722,7.214837717930645
1723,7.429666329461823
1724,8.331347294852243
1725,7.630915726099001
1726,6.666544699186532
1727,6.748792438131073
1728,7.825246812828465
1729,7.235482759822932
1730,7.174837600873037
1731,7.619821178958691
1732,6.4589964058037035
1733,8.28875143279364
1734,5.959520002050635
1735,7.002231305323486
1736,8.356706131062447
1737,6.980992604374647
1738,7.8796633112136485
1739,6.935266422978087
1740,7.768317499292351
1741,7.0478974017204905
1742,7.815280843059503
1743,7.464070279398849
1744,7.871342179685885
1745,6.417260498027108
1746,6.842078218758099
1747,7.249529107168983
1748,8.047664373975755
1749,7.3766194013655735
1750,6.9247586794395435
1751,7.571569623984823
1752,6.6458015030764725
1753,7.6251626186207835
1754,7.370849704778771
1755,5.839206796458622
1756,7.490712113204935
1757,7.575573725982137
1758,7.4399435969183045
1759,7.302811231898345
1760,6.643510778119959
1761,7.237284360079516
1762,7.364338736171568
1763,7.245956602865103
1764,6.290717820861039
1765,7.612135240001055
1766,7.473270623102164
1767,7.820490400938842
1768,7.252097900442172
1769,7.545194524550673
1770,7.5083998038790405
1771,7.165113070915637
1772,7.529628919343503
1773,7.70958017044874
1774,6.807722129145044
1775,8.402764079569915
1776,7.96718424836931
1777,7.827774502271323
1778,6.567303398702227
1779,7.322685555834622
1780,6.074137044672919
1781,7.73350352340945
1782,7.362751160664392
1783,7.598196478058484
1784,6.184282083854892
1785,6.806248824412812
1786,6.7336239919589875
1787,7.556209181153261
1788,7.580104447651639
1789,8.300691956638794
1790,7.813399590284964
1791,7.305822188571005
1792,7.350090971516251
1793,7.830195516366017
1794,6.563755241454371
1795,6.494848329022661
1796,7.307986498302626
1797,6.614553982984024
1798,6.7097613662330415
1799,6.724294997462074
1800,6.603706994869172
1801,8.127531509627376
1802,7.20559320194323
1803,7.398916817300115
1804,7.502304539779046
1805,7.640041364990386
1806,8.412367363931995
1807,6.846619677390068
1808,7.44205798308318
1809,6.498825543637541
1810,7.202583816038415
1811,7.866087125154324
1812,7.501835353549367
1813,5.073065565235033
1814,7.8151743422367055
1815,7.066150811255924
1816,6.034833680989213
1817,7.661548191460957
1818,6.5802616860167396
1819,6.695533726289455
1820,7.440989522387915
1821,8.440858325708277
1822,7.295145257787865
1823,7.582469404269268
1824,7.529865146708214
1825,7.019759722941039
1826,7.346938349899132
1827,6.981370685109837
1828,6.86727156077906
1829,7.410037591670083
1830,7.712744092025689
1831,7.997482090718556
1832,6.585012283918203
1833,7.44554139950074
1834,8.016753874282037
1835,7.729528078446803
1836,7.82319800701379
1837,7.090673221611016
1838,7.337964841994379
1839,7.712850767373853
1840,7.229722224415268
1841,7.400906134037517
1842,7.872410640381151
1843,7.066821353917747
1844,7.461106306586669
1845,7.329805570645237
1846,7.4290826416583515
1847,7.327110137176726
1848,6.924605759551973
1849,7.224661327193404
1850,7.1034301379789895
1851,7.616443565242689
1852,7.252218656790463
1853,6.952646410349565
1854,7.612507780891432
1855,7.220727109793106
1856,7.474465427301558
1857,8.531007910725284
1858,8.223014269899885
1859,6.494067670580098
1860,7.063870953771366
1861,6.4443752726281245
1862,7.229030014158916
1863,7.042210976426477
1864,6.7821764820011605
1865,7.40283454901479
1866,7.746698113626584
1867,6.214421234020072
1868,8.044221886863163
1869,6.0332153734519345
1870,7.365780943014171
1871,7.101125381183364
1872,7.24735038382688
1873,6.323032193763413
1874,7.792193000761459
1875,6.260195744212668
1876,7.703828530315408
1877,6.971992569931501
1878,7.702089526958322
1879,7.5879980203759265
1880,7.533368369887938
1881,7.551828654191666
1882,7.973831586363819
1883,6.849288103694042
1884,7.585206814214719
1885,7.188417410465317
1886,8.012842200939764
1887,6.75106169257844
1888,8.079793985962972
1889,7.1968973907444
1890,7.180049632702916
1891,7.0243465896501585
1892,7.684274292045569
1893,7.35982347528452
1894,7.592282409133944
1895,8.268795636126905
1896,7.523709535184521
1897,6.545729094268788
1898,8.075723463869378
1899,6.7079531008622615
1900,5.98179139316593
1901,7.123602888275364
1902,6.9894748249550664
1903,7.093547157137855
1904,7.581555217158216
1905,6.762872298896162
1906,6.81083535349609
1907,8.327367167655652
1908,7.640681743286307
1909,8.326370870363244
1910,7.496236678320327
1911,7.979250348777655
1912,7.4227877909687
1913,6.551491239030848
1914,8.111564098495972
1915,7.426467061610065
1916,6.877524779436898
1917,7.527198137327875
1918,7.512605220123274
1919,5.735775917917898
1920,8.129600716902498
1921,7.121018808745087
1922,7.190682678615431
1923,7.112037071986323
1924,6.766198342739656
1925,7.337218533447999
1926,6.822808518113673
1927,6.911866404073038
1928,7.313162609468472
1929,7.163313735735385
1930,7.970398867172163
1931,7.0875754720248985
1932,7.172820374758164
1933,7.606169907728672
1934,7.587510781509663
1935,7.845644074773435
1936,5.393230538597999
1937,7.456377763565622
1938,8.467020098514258
1939,7.751318527482738
1940,7.941486143456858
1941,7.611286355291876
1942,7.722738842561337
1943,6.638986356053771
1944,7.5808714661428755
1945,8.2078724558368
1946,6.361567198226396
1947,7.801169796842227
1948,7.260555374980338
1949,7.203379804070655
1950,7.329591878506185
1951,7.3550452317070585
1952,7.397783316290901
1953,8.136692921239366
1954,7.2292949578603025
1955,6.981288353717156
1956,7.215732894755443
1957,6.780159951448033
1958,7.530168164695568
1959,7.2177458207826835
1960,6.500608324916623
1961,7.132058416102737
1962,7.575913867330997
1963,7.435583805227121
1964,8.07685713940396
1965,7.52387139536314
1966,6.292110570526135
1967,7.739408826568311
1968,7.492482377552119
1969,6.5499219554332875
1970,7.369895945876279
1971,6.339298998505089
1972,7.3065392053980895
1973,7.272438842822157
1974,7.75035860595742
1975,6.80513855675049
1976,6.7511513893542014
1977,7.703478397099875
1978,6.48435177369628
1979,7.2301158293695265
1980,7.284062272695314
1981,7.826176826232857
1982,7.398977719060247
1983,7.244324909540806
1984,6.538340766604532
1985,6.57706867962611
1986,7.6155887966864775
1987,7.839059944237105
1988,7.209096417052809
1989,7.93370312254663
1990,6.9902194637724495
1991,7.904014048452464
1992,7.97967651896643
1993,5.501187807770922
1994,8.071541080701826
1995,6.337657926265811
1996,7.535621972567338
1997,7.82643232032348
1998,7.4262646047368355
1999,6.028514253688176
2000,6.566000314370322
